time_slot,start_lat,start_lng,demand
morning,30.521142922578292,114.35662995665486,7
morning,30.521601842929446,114.35959459275527,4
morning,30.522608775617506,114.35555777568766,5
morning,30.523854517280324,114.35290868261858,4
morning,30.525429219463,114.35350653838745,9
morning,30.523560458838535,114.35087691468874,8
morning,30.523158681807704,114.35125024712121,5
morning,30.521044621205544,114.35225118735785,6
morning,30.524038843633882,114.35235029402865,3
morning,30.529816174476586,114.35762154513611,3
morning,30.526612721574672,114.35361369944472,6
morning,30.525969309154842,114.35679610143671,6
morning,30.526534107958522,114.35772260850831,9
morning,30.5212155465,114.35063686595187,6
morning,30.529271223639544,114.35941612547205,9
morning,30.520538267090608,114.35185061084022,2
morning,30.520623818610197,114.3537394211017,4
morning,30.52626229535415,114.35680294165795,8
morning,30.520148094574157,114.35554383466801,9
morning,30.528790077259547,114.35318859421,1
morning,30.527172822951293,114.35131869742685,6
morning,30.523129070923087,114.3569730602654,7
morning,30.52351360827049,114.3573207115702,2
morning,30.521732842448984,114.35936871656847,3
morning,30.52349699652295,114.3599050055805,1
morning,30.52579050531628,114.35529538574055,7
morning,30.529136235849403,114.35528061791567,4
morning,30.529099819262477,114.35636813106353,2
morning,30.528151799612544,114.3564333149965,1
morning,30.52756579724447,114.35340801163552,4
morning,30.527695925428226,114.355361157937,9
morning,30.526089188603766,114.35401449600006,4
morning,30.524252329816456,114.35048313011643,9
morning,30.525654606696857,114.35054412484635,8
morning,30.52372735225885,114.35734234009706,2
morning,30.520134082537936,114.35349026026759,4
morning,30.528696612541335,114.35734802997045,1
morning,30.529728816786907,114.35416191730144,7
morning,30.524227538338515,114.35170416477767,2
morning,30.52585978717296,114.35227612894674,3
morning,30.529303452937814,114.35152834685461,5
morning,30.52596257332598,114.35901126527884,8
morning,30.526766001603097,114.35883070146946,5
morning,30.522736998712567,114.35045311512731,7
morning,30.525555427824923,114.35754663044395,5
morning,30.524523311083538,114.35019275054113,4
morning,30.527503892984406,114.35919581370311,5
morning,30.52156076123603,114.35777307556376,4
morning,30.524196385215486,114.35266729555522,2
morning,30.525256702124416,114.35887875149717,1
morning,30.52480733411163,114.35476224769819,7
morning,30.524574566143446,114.35573284730543,5
morning,30.522994692240065,114.3588609836594,9
morning,30.529054032998975,114.35656626524526,5
morning,30.52734338109214,114.3555874586003,8
morning,30.52161624735583,114.3529577903328,1
morning,30.520840554662353,114.35558728004402,5
morning,30.527075230867226,114.35605117088592,3
morning,30.52191136916107,114.35835158770902,9
morning,30.522662963357398,114.35326286842991,6
morning,30.527492031196783,114.35520364140807,6
morning,30.52798630375053,114.35341978084863,3
morning,30.529003574409433,114.35638260466753,4
morning,30.527556568349254,114.35278011835294,8
morning,30.523273993100243,114.3548449056992,6
morning,30.523925935480097,114.35529064767913,3
morning,30.521454223019536,114.35946374925074,5
morning,30.52087641288021,114.35794716077699,9
morning,30.520474125430855,114.35952621505191,9
morning,30.522138481766312,114.35063805027399,3
morning,30.526296163242232,114.3557804643331,8
morning,30.52325813941941,114.35374576361804,5
morning,30.526931559372347,114.35825376658751,1
morning,30.523135212238945,114.35301282910093,3
morning,30.5202356782141,114.35055600299746,9
morning,30.529754500985142,114.35759603528372,6
morning,30.528312877638314,114.358436298286,5
morning,30.524146607621052,114.35794154730718,1
morning,30.526951433105488,114.35889207410384,2
morning,30.52650849482373,114.35251107138772,6
morning,30.520988147439194,114.35026137614427,1
morning,30.527471950567072,114.35727769044632,3
morning,30.5231620625133,114.35210514508081,2
morning,30.52244136278313,114.35578083729445,9
morning,30.52689590737784,114.35090568938206,7
morning,30.52775776937738,114.35474995175855,6
morning,30.525074237884763,114.35703058498189,5
morning,30.527615949658482,114.35913242766874,3
morning,30.521856318030874,114.35556582502801,6
morning,30.52543054116915,114.35005422700524,4
morning,30.522754993591338,114.35718535342511,9
morning,30.52447947580592,114.35624439554735,6
morning,30.528682428560046,114.35027726497106,5
morning,30.525046493378337,114.35919589879285,2
morning,30.52280401524514,114.35872263975412,6
morning,30.52231153044133,114.35882004391866,2
morning,30.524760292619618,114.35246678608517,5
morning,30.525227612732895,114.35969271883579,5
morning,30.525739339337857,114.35112460322732,2
morning,30.52807711770672,114.35693625794919,5
noon,30.521142922578292,114.35662995665486,7
noon,30.521601842929446,114.35959459275527,4
noon,30.522608775617506,114.35555777568766,5
noon,30.523854517280324,114.35290868261858,4
noon,30.525429219463,114.35350653838745,9
noon,30.523560458838535,114.35087691468874,8
noon,30.523158681807704,114.35125024712121,5
noon,30.521044621205544,114.35225118735785,6
noon,30.524038843633882,114.35235029402865,3
noon,30.529816174476586,114.35762154513611,3
noon,30.526612721574672,114.35361369944472,6
noon,30.525969309154842,114.35679610143671,6
noon,30.526534107958522,114.35772260850831,9
noon,30.5212155465,114.35063686595187,6
noon,30.529271223639544,114.35941612547205,9
noon,30.520538267090608,114.35185061084022,2
noon,30.520623818610197,114.3537394211017,4
noon,30.52626229535415,114.35680294165795,8
noon,30.520148094574157,114.35554383466801,9
noon,30.528790077259547,114.35318859421,1
noon,30.527172822951293,114.35131869742685,6
noon,30.523129070923087,114.3569730602654,7
noon,30.52351360827049,114.3573207115702,2
noon,30.521732842448984,114.35936871656847,3
noon,30.52349699652295,114.3599050055805,1
noon,30.52579050531628,114.35529538574055,7
noon,30.529136235849403,114.35528061791567,4
noon,30.529099819262477,114.35636813106353,2
noon,30.528151799612544,114.3564333149965,1
noon,30.52756579724447,114.35340801163552,4
noon,30.527695925428226,114.355361157937,9
noon,30.526089188603766,114.35401449600006,4
noon,30.524252329816456,114.35048313011643,9
noon,30.525654606696857,114.35054412484635,8
noon,30.52372735225885,114.35734234009706,2
noon,30.520134082537936,114.35349026026759,4
noon,30.528696612541335,114.35734802997045,1
noon,30.529728816786907,114.35416191730144,7
noon,30.524227538338515,114.35170416477767,2
noon,30.52585978717296,114.35227612894674,3
noon,30.529303452937814,114.35152834685461,5
noon,30.52596257332598,114.35901126527884,8
noon,30.526766001603097,114.35883070146946,5
noon,30.522736998712567,114.35045311512731,7
noon,30.525555427824923,114.35754663044395,5
noon,30.524523311083538,114.35019275054113,4
noon,30.527503892984406,114.35919581370311,5
noon,30.52156076123603,114.35777307556376,4
noon,30.524196385215486,114.35266729555522,2
noon,30.525256702124416,114.35887875149717,1
noon,30.52480733411163,114.35476224769819,7
noon,30.524574566143446,114.35573284730543,5
noon,30.522994692240065,114.3588609836594,9
noon,30.529054032998975,114.35656626524526,5
noon,30.52734338109214,114.3555874586003,8
noon,30.52161624735583,114.3529577903328,1
noon,30.520840554662353,114.35558728004402,5
noon,30.527075230867226,114.35605117088592,3
noon,30.52191136916107,114.35835158770902,9
noon,30.522662963357398,114.35326286842991,6
noon,30.527492031196783,114.35520364140807,6
noon,30.52798630375053,114.35341978084863,3
noon,30.529003574409433,114.35638260466753,4
noon,30.527556568349254,114.35278011835294,8
noon,30.523273993100243,114.3548449056992,6
noon,30.523925935480097,114.35529064767913,3
noon,30.521454223019536,114.35946374925074,5
noon,30.52087641288021,114.35794716077699,9
noon,30.520474125430855,114.35952621505191,9
noon,30.522138481766312,114.35063805027399,3
noon,30.526296163242232,114.3557804643331,8
noon,30.52325813941941,114.35374576361804,5
noon,30.526931559372347,114.35825376658751,1
noon,30.523135212238945,114.35301282910093,3
noon,30.5202356782141,114.35055600299746,9
noon,30.529754500985142,114.35759603528372,6
noon,30.528312877638314,114.358436298286,5
noon,30.524146607621052,114.35794154730718,1
noon,30.526951433105488,114.35889207410384,2
noon,30.52650849482373,114.35251107138772,6
noon,30.520988147439194,114.35026137614427,1
noon,30.527471950567072,114.35727769044632,3
noon,30.5231620625133,114.35210514508081,2
noon,30.52244136278313,114.35578083729445,9
noon,30.52689590737784,114.35090568938206,7
noon,30.52775776937738,114.35474995175855,6
noon,30.525074237884763,114.35703058498189,5
noon,30.527615949658482,114.35913242766874,3
noon,30.521856318030874,114.35556582502801,6
noon,30.52543054116915,114.35005422700524,4
noon,30.522754993591338,114.35718535342511,9
noon,30.52447947580592,114.35624439554735,6
noon,30.528682428560046,114.35027726497106,5
noon,30.525046493378337,114.35919589879285,2
noon,30.52280401524514,114.35872263975412,6
noon,30.52231153044133,114.35882004391866,2
noon,30.524760292619618,114.35246678608517,5
noon,30.525227612732895,114.35969271883579,5
noon,30.525739339337857,114.35112460322732,2
noon,30.52807711770672,114.35693625794919,5
evening,30.521142922578292,114.35662995665486,7
evening,30.521601842929446,114.35959459275527,4
evening,30.522608775617506,114.35555777568766,5
evening,30.523854517280324,114.35290868261858,4
evening,30.525429219463,114.35350653838745,9
evening,30.523560458838535,114.35087691468874,8
evening,30.523158681807704,114.35125024712121,5
evening,30.521044621205544,114.35225118735785,6
evening,30.524038843633882,114.35235029402865,3
evening,30.529816174476586,114.35762154513611,3
evening,30.526612721574672,114.35361369944472,6
evening,30.525969309154842,114.35679610143671,6
evening,30.526534107958522,114.35772260850831,9
evening,30.5212155465,114.35063686595187,6
evening,30.529271223639544,114.35941612547205,9
evening,30.520538267090608,114.35185061084022,2
evening,30.520623818610197,114.3537394211017,4
evening,30.52626229535415,114.35680294165795,8
evening,30.520148094574157,114.35554383466801,9
evening,30.528790077259547,114.35318859421,1
evening,30.527172822951293,114.35131869742685,6
evening,30.523129070923087,114.3569730602654,7
evening,30.52351360827049,114.3573207115702,2
evening,30.521732842448984,114.35936871656847,3
evening,30.52349699652295,114.3599050055805,1
evening,30.52579050531628,114.35529538574055,7
evening,30.529136235849403,114.35528061791567,4
evening,30.529099819262477,114.35636813106353,2
evening,30.528151799612544,114.3564333149965,1
evening,30.52756579724447,114.35340801163552,4
evening,30.527695925428226,114.355361157937,9
evening,30.526089188603766,114.35401449600006,4
evening,30.524252329816456,114.35048313011643,9
evening,30.525654606696857,114.35054412484635,8
evening,30.52372735225885,114.35734234009706,2
evening,30.520134082537936,114.35349026026759,4
evening,30.528696612541335,114.35734802997045,1
evening,30.529728816786907,114.35416191730144,7
evening,30.524227538338515,114.35170416477767,2
evening,30.52585978717296,114.35227612894674,3
evening,30.529303452937814,114.35152834685461,5
evening,30.52596257332598,114.35901126527884,8
evening,30.526766001603097,114.35883070146946,5
evening,30.522736998712567,114.35045311512731,7
evening,30.525555427824923,114.35754663044395,5
evening,30.524523311083538,114.35019275054113,4
evening,30.527503892984406,114.35919581370311,5
evening,30.52156076123603,114.35777307556376,4
evening,30.524196385215486,114.35266729555522,2
evening,30.525256702124416,114.35887875149717,1
evening,30.52480733411163,114.35476224769819,7
evening,30.524574566143446,114.35573284730543,5
evening,30.522994692240065,114.3588609836594,9
evening,30.529054032998975,114.35656626524526,5
evening,30.52734338109214,114.3555874586003,8
evening,30.52161624735583,114.3529577903328,1
evening,30.520840554662353,114.35558728004402,5
evening,30.527075230867226,114.35605117088592,3
evening,30.52191136916107,114.35835158770902,9
evening,30.522662963357398,114.35326286842991,6
evening,30.527492031196783,114.35520364140807,6
evening,30.52798630375053,114.35341978084863,3
evening,30.529003574409433,114.35638260466753,4
evening,30.527556568349254,114.35278011835294,8
evening,30.523273993100243,114.3548449056992,6
evening,30.523925935480097,114.35529064767913,3
evening,30.521454223019536,114.35946374925074,5
evening,30.52087641288021,114.35794716077699,9
evening,30.520474125430855,114.35952621505191,9
evening,30.522138481766312,114.35063805027399,3
evening,30.526296163242232,114.3557804643331,8
evening,30.52325813941941,114.35374576361804,5
evening,30.526931559372347,114.35825376658751,1
evening,30.523135212238945,114.35301282910093,3
evening,30.5202356782141,114.35055600299746,9
evening,30.529754500985142,114.35759603528372,6
evening,30.528312877638314,114.358436298286,5
evening,30.524146607621052,114.35794154730718,1
evening,30.526951433105488,114.35889207410384,2
evening,30.52650849482373,114.35251107138772,6
evening,30.520988147439194,114.35026137614427,1
evening,30.527471950567072,114.35727769044632,3
evening,30.5231620625133,114.35210514508081,2
evening,30.52244136278313,114.35578083729445,9
evening,30.52689590737784,114.35090568938206,7
evening,30.52775776937738,114.35474995175855,6
evening,30.525074237884763,114.35703058498189,5
evening,30.527615949658482,114.35913242766874,3
evening,30.521856318030874,114.35556582502801,6
evening,30.52543054116915,114.35005422700524,4
evening,30.522754993591338,114.35718535342511,9
evening,30.52447947580592,114.35624439554735,6
evening,30.528682428560046,114.35027726497106,5
evening,30.525046493378337,114.35919589879285,2
evening,30.52280401524514,114.35872263975412,6
evening,30.52231153044133,114.35882004391866,2
evening,30.524760292619618,114.35246678608517,5
evening,30.525227612732895,114.35969271883579,5
evening,30.525739339337857,114.35112460322732,2
evening,30.52807711770672,114.35693625794919,5
